insert into roles (id, authority, description) values (1, 'ROLE_READ', 'Tylko do odczytu')
insert into roles (id, authority, description) values (2, 'ROLE_USER', 'Uprawnienia użytkownika')
insert into roles (id, authority, description) values (3, 'ROLE_ADMIN', 'Uprawnienia administratora')

alter sequence role_seq restart with 4
insert into users (id, firstname, lastname, email, password, dateofbirth, enabled) values (1, 'Paweł', 'Koźbiał', 'pawel@pl.pl', 'ab406338ae5d5e1acee59fb051d2ef143d5e9f5de1473d590014256e3e97e0a2', '1982-08-31', true)
insert into users (id, firstname, lastname, email, password, dateofbirth, enabled) values (2, 'Dąbrowski', 'Eugeniusz', 'user@user.pl', '76d95e58766715225a65b9651769f9f409d77616d2f860cd32e55669f2a81d30', '1990-01-01', true)
insert into users (id, firstname, lastname, email, password, dateofbirth, enabled) values (3, 'Kowalczyk', 'Zenon', 'admin@adm.com', 'a8b3904ee0206046acc2b3d705bdb47d79257b5ffb126dd5f9a280d893ab87df', '1985-04-15', true)
insert into users (id, firstname, lastname, email, password, dateofbirth, enabled) values (4, 'Dariusz', 'Kowalski', 'test@xxx.yyy', 'e08bd589cf3d1e4259f47802c81ec195e88b458acd9b95c15f238b64c93bdd6a', '2000-06-16', false)
insert into users (id, firstname, lastname, email, password, dateofbirth, enabled) values (5, 'Andrzej', 'Nowak', 'user1@user.pl', '76d95e58766715225a65b9651769f9f409d77616d2f860cd32e55669f2a81d30', '1990-01-01', false)
insert into users (id, firstname, lastname, email, password, dateofbirth, enabled) values (6, 'Krzysztof', 'Kania', 'user2@user.pl', '76d95e58766715225a65b9651769f9f409d77616d2f860cd32e55669f2a81d30', '1989-02-28', false)
insert into users (id, firstname, lastname, email, password, dateofbirth, enabled) values (7, 'Jacek', 'Szulc', 'user3@user.pl', '76d95e58766715225a65b9651769f9f409d77616d2f860cd32e55669f2a81d30', '1990-04-04', true)
insert into users (id, firstname, lastname, email, password, dateofbirth, enabled) values (8, 'Piotr', 'Nowakowski', 'user4@user.pl', '76d95e58766715225a65b9651769f9f409d77616d2f860cd32e55669f2a81d30', '1993-11-13', true)
insert into users (id, firstname, lastname, email, password, dateofbirth, enabled) values (9, 'Marek', 'Kowalczyk', 'user5@user.pl', '76d95e58766715225a65b9651769f9f409d77616d2f860cd32e55669f2a81d30', '1990-07-27', false)
insert into users (id, firstname, lastname, email, password, dateofbirth, enabled) values (10, 'Marcin', 'Bąkowski', 'user6@user.pl', '76d95e58766715225a65b9651769f9f409d77616d2f860cd32e55669f2a81d30', '1990-01-01', true)
insert into users (id, firstname, lastname, email, password, dateofbirth, enabled) values (11, 'Zbigniew', 'Czyżyk', 'user7@user.pl', '76d95e58766715225a65b9651769f9f409d77616d2f860cd32e55669f2a81d30', '1991-12-24', true)
insert into users (id, firstname, lastname, email, password, dateofbirth, enabled) values (12, 'Kamil', 'Janik', 'user8@user.pl', '76d95e58766715225a65b9651769f9f409d77616d2f860cd32e55669f2a81d30', '1990-01-30', true)
insert into users (id, firstname, lastname, email, password, dateofbirth, enabled) values (13, 'Grzegorz', 'Czarny', 'user9@user.pl', '76d95e58766715225a65b9651769f9f409d77616d2f860cd32e55669f2a81d30', '1980-10-01', false)
insert into users (id, firstname, lastname, email, password, dateofbirth, enabled) values (14, 'Henryk', 'Bąk', 'user10@user.pl', '76d95e58766715225a65b9651769f9f409d77616d2f860cd32e55669f2a81d30', '1989-02-02', true)
insert into users (id, firstname, lastname, email, password, dateofbirth, enabled) values (15, 'Ireneusz', 'Lolek', 'user11@user.pl', '76d95e58766715225a65b9651769f9f409d77616d2f860cd32e55669f2a81d30', '1992-11-10', true)
insert into users (id, firstname, lastname, email, password, dateofbirth, enabled) values (16, 'Piotr', 'Jowa', 'user12@user.pl', '76d95e58766715225a65b9651769f9f409d77616d2f860cd32e55669f2a81d30', '1995-01-16', true)
insert into users (id, firstname, lastname, email, password, dateofbirth, enabled) values (17, 'Kamil', 'Czyżyk', 'user13@user.pl', '76d95e58766715225a65b9651769f9f409d77616d2f860cd32e55669f2a81d30', '1990-12-31', true)
insert into users (id, firstname, lastname, email, password, dateofbirth, enabled) values (18, 'Marek', 'Janik', 'user14@user.pl', '76d95e58766715225a65b9651769f9f409d77616d2f860cd32e55669f2a81d30', '1996-01-26', true)
insert into users (id, firstname, lastname, email, password, dateofbirth, enabled) values (19, 'Grzegorz', 'Czarny', 'user15@user.pl', '76d95e58766715225a65b9651769f9f409d77616d2f860cd32e55669f2a81d30', '1989-04-14', false)
insert into users (id, firstname, lastname, email, password, dateofbirth, enabled) values (20, 'Henryk', 'Bąk', 'user16@user.pl', '76d95e58766715225a65b9651769f9f409d77616d2f860cd32e55669f2a81d30', '1989-02-23', true)
insert into users (id, firstname, lastname, email, password, dateofbirth, enabled) values (21, 'Ireneusz', 'Lolek', 'user17@user.pl', '76d95e58766715225a65b9651769f9f409d77616d2f860cd32e55669f2a81d30', '1992-10-10', true)
INSERT INTO users (id, firstname, lastname, email, password, dateofbirth, enabled) VALUES (22, 'Marcin', 'Kania', 'user18@user.pl', '76d95e58766715225a65b9651769f9f409d77616d2f860cd32e55669f2a81d30', '1983-8-6', true)
INSERT INTO users (id, firstname, lastname, email, password, dateofbirth, enabled) VALUES (23, 'Andrzej', 'Janikowski', 'user19@user.pl', '76d95e58766715225a65b9651769f9f409d77616d2f860cd32e55669f2a81d30', '1983-12-12', true)
INSERT INTO users (id, firstname, lastname, email, password, dateofbirth, enabled) VALUES (24, 'Dariusz', 'Sowa', 'user20@user.pl', '76d95e58766715225a65b9651769f9f409d77616d2f860cd32e55669f2a81d30', '1988-3-10', true)
INSERT INTO users (id, firstname, lastname, email, password, dateofbirth, enabled) VALUES (25, 'Andrzej', 'Bąk', 'user21@user.pl', '76d95e58766715225a65b9651769f9f409d77616d2f860cd32e55669f2a81d30', '1996-3-1', true)
INSERT INTO users (id, firstname, lastname, email, password, dateofbirth, enabled) VALUES (26, 'Marek', 'Szulc', 'user22@user.pl', '76d95e58766715225a65b9651769f9f409d77616d2f860cd32e55669f2a81d30', '1991-6-15', true)
INSERT INTO users (id, firstname, lastname, email, password, dateofbirth, enabled) VALUES (27, 'Paweł', 'Nowak', 'user23@user.pl', '76d95e58766715225a65b9651769f9f409d77616d2f860cd32e55669f2a81d30', '1993-1-7', true)
INSERT INTO users (id, firstname, lastname, email, password, dateofbirth, enabled) VALUES (28, 'Marek', 'Janikowski', 'user24@user.pl', '76d95e58766715225a65b9651769f9f409d77616d2f860cd32e55669f2a81d30', '1989-10-20', true)
INSERT INTO users (id, firstname, lastname, email, password, dateofbirth, enabled) VALUES (29, 'Zbigniew', 'Bąkowski', 'user25@user.pl', '76d95e58766715225a65b9651769f9f409d77616d2f860cd32e55669f2a81d30', '1987-3-10', true)
INSERT INTO users (id, firstname, lastname, email, password, dateofbirth, enabled) VALUES (30, 'Marek', 'Biały', 'user26@user.pl', '76d95e58766715225a65b9651769f9f409d77616d2f860cd32e55669f2a81d30', '1985-9-25', true)
INSERT INTO users (id, firstname, lastname, email, password, dateofbirth, enabled) VALUES (31, 'Marcin', 'Biały', 'user27@user.pl', '76d95e58766715225a65b9651769f9f409d77616d2f860cd32e55669f2a81d30', '1996-9-29', true)
INSERT INTO users (id, firstname, lastname, email, password, dateofbirth, enabled) VALUES (32, 'Jacek', 'Janikowski', 'user28@user.pl', '76d95e58766715225a65b9651769f9f409d77616d2f860cd32e55669f2a81d30', '1989-11-26', true)
INSERT INTO users (id, firstname, lastname, email, password, dateofbirth, enabled) VALUES (33, 'Jacek', 'Błaszczyk', 'user29@user.pl', '76d95e58766715225a65b9651769f9f409d77616d2f860cd32e55669f2a81d30', '1992-3-4', true)
INSERT INTO users (id, firstname, lastname, email, password, dateofbirth, enabled) VALUES (34, 'Marek', 'Lolek', 'user30@user.pl', '76d95e58766715225a65b9651769f9f409d77616d2f860cd32e55669f2a81d30', '1983-11-21', true)
INSERT INTO users (id, firstname, lastname, email, password, dateofbirth, enabled) VALUES (35, 'Kamil', 'Janikowski', 'user31@user.pl', '76d95e58766715225a65b9651769f9f409d77616d2f860cd32e55669f2a81d30', '1984-4-27', true)
INSERT INTO users (id, firstname, lastname, email, password, dateofbirth, enabled) VALUES (36, 'Henryk', 'Kania', 'user32@user.pl', '76d95e58766715225a65b9651769f9f409d77616d2f860cd32e55669f2a81d30', '1986-8-20', true)
INSERT INTO users (id, firstname, lastname, email, password, dateofbirth, enabled) VALUES (37, 'Jacek', 'Czarny', 'user33@user.pl', '76d95e58766715225a65b9651769f9f409d77616d2f860cd32e55669f2a81d30', '1983-1-5', true)
INSERT INTO users (id, firstname, lastname, email, password, dateofbirth, enabled) VALUES (38, 'Kamil', 'Lolek', 'user34@user.pl', '76d95e58766715225a65b9651769f9f409d77616d2f860cd32e55669f2a81d30', '1985-7-29', true)
INSERT INTO users (id, firstname, lastname, email, password, dateofbirth, enabled) VALUES (39, 'Zbigniew', 'Kowalski', 'user35@user.pl', '76d95e58766715225a65b9651769f9f409d77616d2f860cd32e55669f2a81d30', '1991-5-13', true)
INSERT INTO users (id, firstname, lastname, email, password, dateofbirth, enabled) VALUES (40, 'Marcin', 'Janik', 'user36@user.pl', '76d95e58766715225a65b9651769f9f409d77616d2f860cd32e55669f2a81d30', '1993-4-18', true)
INSERT INTO users (id, firstname, lastname, email, password, dateofbirth, enabled) VALUES (41, 'Marek', 'Czarny', 'user37@user.pl', '76d95e58766715225a65b9651769f9f409d77616d2f860cd32e55669f2a81d30', '1995-3-10', true)
INSERT INTO users (id, firstname, lastname, email, password, dateofbirth, enabled) VALUES (42, 'Ireneusz', 'Kowalski', 'user38@user.pl', '76d95e58766715225a65b9651769f9f409d77616d2f860cd32e55669f2a81d30', '1981-5-4', true)
INSERT INTO users (id, firstname, lastname, email, password, dateofbirth, enabled) VALUES (43, 'Paweł', 'Janikowski', 'user39@user.pl', '76d95e58766715225a65b9651769f9f409d77616d2f860cd32e55669f2a81d30', '1995-7-6', true)
INSERT INTO users (id, firstname, lastname, email, password, dateofbirth, enabled) VALUES (44, 'Kamil', 'Nowak', 'user40@user.pl', '76d95e58766715225a65b9651769f9f409d77616d2f860cd32e55669f2a81d30', '1991-2-22', true)
INSERT INTO users (id, firstname, lastname, email, password, dateofbirth, enabled) VALUES (45, 'Paweł', 'Lolek', 'user41@user.pl', '76d95e58766715225a65b9651769f9f409d77616d2f860cd32e55669f2a81d30', '1993-5-5', true)
INSERT INTO users (id, firstname, lastname, email, password, dateofbirth, enabled) VALUES (46, 'Ireneusz', 'Błaszczyk', 'user42@user.pl', '76d95e58766715225a65b9651769f9f409d77616d2f860cd32e55669f2a81d30', '1981-1-18', true)
INSERT INTO users (id, firstname, lastname, email, password, dateofbirth, enabled) VALUES (47, 'Dariusz', 'Czyżyk', 'user43@user.pl', '76d95e58766715225a65b9651769f9f409d77616d2f860cd32e55669f2a81d30', '1980-2-15', true)
INSERT INTO users (id, firstname, lastname, email, password, dateofbirth, enabled) VALUES (48, 'Dariusz', 'Góral', 'user44@user.pl', '76d95e58766715225a65b9651769f9f409d77616d2f860cd32e55669f2a81d30', '1982-2-13', true)
INSERT INTO users (id, firstname, lastname, email, password, dateofbirth, enabled) VALUES (49, 'Krzysztof', 'Janik', 'user45@user.pl', '76d95e58766715225a65b9651769f9f409d77616d2f860cd32e55669f2a81d30', '1990-9-1', true)
INSERT INTO users (id, firstname, lastname, email, password, dateofbirth, enabled) VALUES (50, 'Zbigniew', 'Lolek', 'user46@user.pl', '76d95e58766715225a65b9651769f9f409d77616d2f860cd32e55669f2a81d30', '1986-3-18', true)
INSERT INTO users (id, firstname, lastname, email, password, dateofbirth, enabled) VALUES (51, 'Grzegorz', 'Kania', 'user47@user.pl', '76d95e58766715225a65b9651769f9f409d77616d2f860cd32e55669f2a81d30', '1982-2-2', true)
INSERT INTO users (id, firstname, lastname, email, password, dateofbirth, enabled) VALUES (52, 'Zbigniew', 'Czyżyk', 'user48@user.pl', '76d95e58766715225a65b9651769f9f409d77616d2f860cd32e55669f2a81d30', '1989-8-28', true)
INSERT INTO users (id, firstname, lastname, email, password, dateofbirth, enabled) VALUES (53, 'Paweł', 'Kowalski', 'user49@user.pl', '76d95e58766715225a65b9651769f9f409d77616d2f860cd32e55669f2a81d30', '1991-10-28', true)
INSERT INTO users (id, firstname, lastname, email, password, dateofbirth, enabled) VALUES (54, 'Kamil', 'Błaszczyk', 'user50@user.pl', '76d95e58766715225a65b9651769f9f409d77616d2f860cd32e55669f2a81d30', '1995-11-22', true)
INSERT INTO users (id, firstname, lastname, email, password, dateofbirth, enabled) VALUES (55, 'Piotr', 'Janikowski', 'user51@user.pl', '76d95e58766715225a65b9651769f9f409d77616d2f860cd32e55669f2a81d30', '1995-1-24', true)
INSERT INTO users (id, firstname, lastname, email, password, dateofbirth, enabled) VALUES (56, 'Ireneusz', 'Janikowski', 'user52@user.pl', '76d95e58766715225a65b9651769f9f409d77616d2f860cd32e55669f2a81d30', '1984-1-21', true)
INSERT INTO users (id, firstname, lastname, email, password, dateofbirth, enabled) VALUES (57, 'Henryk', 'Kania', 'user53@user.pl', '76d95e58766715225a65b9651769f9f409d77616d2f860cd32e55669f2a81d30', '1994-5-12', true)
INSERT INTO users (id, firstname, lastname, email, password, dateofbirth, enabled) VALUES (58, 'Krzysztof', 'Krzywda', 'user54@user.pl', '76d95e58766715225a65b9651769f9f409d77616d2f860cd32e55669f2a81d30', '1990-8-9', true)
INSERT INTO users (id, firstname, lastname, email, password, dateofbirth, enabled) VALUES (59, 'Zbigniew', 'Janikowski', 'user55@user.pl', '76d95e58766715225a65b9651769f9f409d77616d2f860cd32e55669f2a81d30', '1996-10-30', true)
INSERT INTO users (id, firstname, lastname, email, password, dateofbirth, enabled) VALUES (60, 'Jacek', 'Janik', 'user56@user.pl', '76d95e58766715225a65b9651769f9f409d77616d2f860cd32e55669f2a81d30', '1993-12-29', true)
INSERT INTO users (id, firstname, lastname, email, password, dateofbirth, enabled) VALUES (61, 'Kamil', 'Szulc', 'user57@user.pl', '76d95e58766715225a65b9651769f9f409d77616d2f860cd32e55669f2a81d30', '1990-1-30', true)
INSERT INTO users (id, firstname, lastname, email, password, dateofbirth, enabled) VALUES (62, 'Dariusz', 'Bąkowski', 'user58@user.pl', '76d95e58766715225a65b9651769f9f409d77616d2f860cd32e55669f2a81d30', '1997-9-29', true)
INSERT INTO users (id, firstname, lastname, email, password, dateofbirth, enabled) VALUES (63, 'Marek', 'Błaszczyk', 'user59@user.pl', '76d95e58766715225a65b9651769f9f409d77616d2f860cd32e55669f2a81d30', '1995-5-8', true)
INSERT INTO users (id, firstname, lastname, email, password, dateofbirth, enabled) VALUES (64, 'Karol', 'Szulc', 'user60@user.pl', '76d95e58766715225a65b9651769f9f409d77616d2f860cd32e55669f2a81d30', '1985-7-19', true)
INSERT INTO users (id, firstname, lastname, email, password, dateofbirth, enabled) VALUES (65, 'Artur', 'Janikowski', 'user61@user.pl', '76d95e58766715225a65b9651769f9f409d77616d2f860cd32e55669f2a81d30', '1997-7-13', true)
INSERT INTO users (id, firstname, lastname, email, password, dateofbirth, enabled) VALUES (66, 'Marek', 'Lolek', 'user62@user.pl', '76d95e58766715225a65b9651769f9f409d77616d2f860cd32e55669f2a81d30', '1980-3-9', true)
INSERT INTO users (id, firstname, lastname, email, password, dateofbirth, enabled) VALUES (67, 'Piotr', 'Janikowski', 'user63@user.pl', '76d95e58766715225a65b9651769f9f409d77616d2f860cd32e55669f2a81d30', '1981-8-5', true)
INSERT INTO users (id, firstname, lastname, email, password, dateofbirth, enabled) VALUES (68, 'Kamil', 'Kania', 'user64@user.pl', '76d95e58766715225a65b9651769f9f409d77616d2f860cd32e55669f2a81d30', '1985-7-29', true)
INSERT INTO users (id, firstname, lastname, email, password, dateofbirth, enabled) VALUES (69, 'Ireneusz', 'Krzywda', 'user65@user.pl', '76d95e58766715225a65b9651769f9f409d77616d2f860cd32e55669f2a81d30', '1986-5-14', true)
INSERT INTO users (id, firstname, lastname, email, password, dateofbirth, enabled) VALUES (70, 'Grzegorz', 'Biały', 'user66@user.pl', '76d95e58766715225a65b9651769f9f409d77616d2f860cd32e55669f2a81d30', '1986-12-15', true)
INSERT INTO users (id, firstname, lastname, email, password, dateofbirth, enabled) VALUES (71, 'Marek', 'Janik', 'user67@user.pl', '76d95e58766715225a65b9651769f9f409d77616d2f860cd32e55669f2a81d30', '1989-2-2', true)
INSERT INTO users (id, firstname, lastname, email, password, dateofbirth, enabled) VALUES (72, 'Grzegorz', 'Lolek', 'user68@user.pl', '76d95e58766715225a65b9651769f9f409d77616d2f860cd32e55669f2a81d30', '1997-1-15', true)
INSERT INTO users (id, firstname, lastname, email, password, dateofbirth, enabled) VALUES (73, 'Andrzej', 'Bąkowski', 'user69@user.pl', '76d95e58766715225a65b9651769f9f409d77616d2f860cd32e55669f2a81d30', '1984-4-27', true)
INSERT INTO users (id, firstname, lastname, email, password, dateofbirth, enabled) VALUES (74, 'Kamil', 'Szulc', 'user70@user.pl', '76d95e58766715225a65b9651769f9f409d77616d2f860cd32e55669f2a81d30', '1995-5-13', true)
INSERT INTO users (id, firstname, lastname, email, password, dateofbirth, enabled) VALUES (75, 'Dariusz', 'Biały', 'user71@user.pl', '76d95e58766715225a65b9651769f9f409d77616d2f860cd32e55669f2a81d30', '1986-12-4', true)
INSERT INTO users (id, firstname, lastname, email, password, dateofbirth, enabled) VALUES (76, 'Marcin', 'Bąk', 'user72@user.pl', '76d95e58766715225a65b9651769f9f409d77616d2f860cd32e55669f2a81d30', '1989-1-12', true)
INSERT INTO users (id, firstname, lastname, email, password, dateofbirth, enabled) VALUES (77, 'Kamil', 'Janik', 'user73@user.pl', '76d95e58766715225a65b9651769f9f409d77616d2f860cd32e55669f2a81d30', '1995-12-5', true)
INSERT INTO users (id, firstname, lastname, email, password, dateofbirth, enabled) VALUES (78, 'Paweł', 'Biały', 'user74@user.pl', '76d95e58766715225a65b9651769f9f409d77616d2f860cd32e55669f2a81d30', '1980-4-3', true)
INSERT INTO users (id, firstname, lastname, email, password, dateofbirth, enabled) VALUES (79, 'Grzegorz', 'Janik', 'user75@user.pl', '76d95e58766715225a65b9651769f9f409d77616d2f860cd32e55669f2a81d30', '1985-6-14', true)
INSERT INTO users (id, firstname, lastname, email, password, dateofbirth, enabled) VALUES (80, 'Piotr', 'Bąkowski', 'user76@user.pl', '76d95e58766715225a65b9651769f9f409d77616d2f860cd32e55669f2a81d30', '1992-4-1', true)
INSERT INTO users (id, firstname, lastname, email, password, dateofbirth, enabled) VALUES (81, 'Ireneusz', 'Nowak', 'user77@user.pl', '76d95e58766715225a65b9651769f9f409d77616d2f860cd32e55669f2a81d30', '1994-8-1', true)
INSERT INTO users (id, firstname, lastname, email, password, dateofbirth, enabled) VALUES (82, 'Karol', 'Lolek', 'user78@user.pl', '76d95e58766715225a65b9651769f9f409d77616d2f860cd32e55669f2a81d30', '1984-5-25', true)
INSERT INTO users (id, firstname, lastname, email, password, dateofbirth, enabled) VALUES (83, 'Ireneusz', 'Janik', 'user79@user.pl', '76d95e58766715225a65b9651769f9f409d77616d2f860cd32e55669f2a81d30', '1992-1-27', true)
INSERT INTO users (id, firstname, lastname, email, password, dateofbirth, enabled) VALUES (84, 'Piotr', 'Lolek', 'user80@user.pl', '76d95e58766715225a65b9651769f9f409d77616d2f860cd32e55669f2a81d30', '1990-2-2', true)
INSERT INTO users (id, firstname, lastname, email, password, dateofbirth, enabled) VALUES (85, 'Andrzej', 'Krzywda', 'user81@user.pl', '76d95e58766715225a65b9651769f9f409d77616d2f860cd32e55669f2a81d30', '1981-7-9', true)
INSERT INTO users (id, firstname, lastname, email, password, dateofbirth, enabled) VALUES (86, 'Zbigniew', 'Czarny', 'user82@user.pl', '76d95e58766715225a65b9651769f9f409d77616d2f860cd32e55669f2a81d30', '1985-11-1', true)
INSERT INTO users (id, firstname, lastname, email, password, dateofbirth, enabled) VALUES (87, 'Andrzej', 'Lolek', 'user83@user.pl', '76d95e58766715225a65b9651769f9f409d77616d2f860cd32e55669f2a81d30', '1982-2-15', true)
INSERT INTO users (id, firstname, lastname, email, password, dateofbirth, enabled) VALUES (88, 'Kamil', 'Sowa', 'user84@user.pl', '76d95e58766715225a65b9651769f9f409d77616d2f860cd32e55669f2a81d30', '1993-3-2', true)
INSERT INTO users (id, firstname, lastname, email, password, dateofbirth, enabled) VALUES (89, 'Dariusz', 'Nowak', 'user85@user.pl', '76d95e58766715225a65b9651769f9f409d77616d2f860cd32e55669f2a81d30', '1982-7-28', true)
INSERT INTO users (id, firstname, lastname, email, password, dateofbirth, enabled) VALUES (90, 'Ireneusz', 'Bąkowski', 'user86@user.pl', '76d95e58766715225a65b9651769f9f409d77616d2f860cd32e55669f2a81d30', '1990-4-13', true)
INSERT INTO users (id, firstname, lastname, email, password, dateofbirth, enabled) VALUES (91, 'Ireneusz', 'Janik', 'user87@user.pl', '76d95e58766715225a65b9651769f9f409d77616d2f860cd32e55669f2a81d30', '1991-7-15', true)
INSERT INTO users (id, firstname, lastname, email, password, dateofbirth, enabled) VALUES (92, 'Marek', 'Janik', 'user88@user.pl', '76d95e58766715225a65b9651769f9f409d77616d2f860cd32e55669f2a81d30', '1983-3-12', true)
INSERT INTO users (id, firstname, lastname, email, password, dateofbirth, enabled) VALUES (93, 'Krzysztof', 'Kania', 'user89@user.pl', '76d95e58766715225a65b9651769f9f409d77616d2f860cd32e55669f2a81d30', '1996-4-23', true)
INSERT INTO users (id, firstname, lastname, email, password, dateofbirth, enabled) VALUES (94, 'Piotr', 'Bąk', 'user90@user.pl', '76d95e58766715225a65b9651769f9f409d77616d2f860cd32e55669f2a81d30', '1990-9-18', true)
INSERT INTO users (id, firstname, lastname, email, password, dateofbirth, enabled) VALUES (95, 'Marcin', 'Nowakowski', 'user91@user.pl', '76d95e58766715225a65b9651769f9f409d77616d2f860cd32e55669f2a81d30', '1997-9-26', true)
INSERT INTO users (id, firstname, lastname, email, password, dateofbirth, enabled) VALUES (96, 'Dariusz', 'Nowak', 'user92@user.pl', '76d95e58766715225a65b9651769f9f409d77616d2f860cd32e55669f2a81d30', '1991-9-6', true)
INSERT INTO users (id, firstname, lastname, email, password, dateofbirth, enabled) VALUES (97, 'Ireneusz', 'Janikowski', 'user93@user.pl', '76d95e58766715225a65b9651769f9f409d77616d2f860cd32e55669f2a81d30', '1987-4-23', true)
INSERT INTO users (id, firstname, lastname, email, password, dateofbirth, enabled) VALUES (98, 'Karol', 'Biały', 'user94@user.pl', '76d95e58766715225a65b9651769f9f409d77616d2f860cd32e55669f2a81d30', '1980-4-23', true)
INSERT INTO users (id, firstname, lastname, email, password, dateofbirth, enabled) VALUES (99, 'Karol', 'Góral', 'user95@user.pl', '76d95e58766715225a65b9651769f9f409d77616d2f860cd32e55669f2a81d30', '1995-4-2', true)
INSERT INTO users (id, firstname, lastname, email, password, dateofbirth, enabled) VALUES (100, 'Marek', 'Bąkowski', 'user96@user.pl', '76d95e58766715225a65b9651769f9f409d77616d2f860cd32e55669f2a81d30', '1994-4-12', true)
--INSERT INTO users (id, firstname, lastname, email, password, dateofbirth, enabled) VALUES (101, 'Henryk', 'Nowak', 'user97@user.pl', '76d95e58766715225a65b9651769f9f409d77616d2f860cd32e55669f2a81d30', '1995-6-4', true)
--INSERT INTO users (id, firstname, lastname, email, password, dateofbirth, enabled) VALUES (102, 'Marcin', 'Janik', 'user98@user.pl', '76d95e58766715225a65b9651769f9f409d77616d2f860cd32e55669f2a81d30', '1994-8-1', true)
--INSERT INTO users (id, firstname, lastname, email, password, dateofbirth, enabled) VALUES (103, 'Jacek', 'Czyżyk', 'user99@user.pl', '76d95e58766715225a65b9651769f9f409d77616d2f860cd32e55669f2a81d30', '1986-11-7', true)
--INSERT INTO users (id, firstname, lastname, email, password, dateofbirth, enabled) VALUES (104, 'Ireneusz', 'Bąk', 'user100@user.pl', '76d95e58766715225a65b9651769f9f409d77616d2f860cd32e55669f2a81d30', '1991-9-17', true)
--INSERT INTO users (id, firstname, lastname, email, password, dateofbirth, enabled) VALUES (105, 'Grzegorz', 'Krzywda', 'user101@user.pl', '76d95e58766715225a65b9651769f9f409d77616d2f860cd32e55669f2a81d30', '1985-9-14', true)
--INSERT INTO users (id, firstname, lastname, email, password, dateofbirth, enabled) VALUES (106, 'Marek', 'Bąk', 'user102@user.pl', '76d95e58766715225a65b9651769f9f409d77616d2f860cd32e55669f2a81d30', '1984-7-13', true)
--INSERT INTO users (id, firstname, lastname, email, password, dateofbirth, enabled) VALUES (107, 'Dariusz', 'Sowa', 'user103@user.pl', '76d95e58766715225a65b9651769f9f409d77616d2f860cd32e55669f2a81d30', '1997-3-8', true)
--INSERT INTO users (id, firstname, lastname, email, password, dateofbirth, enabled) VALUES (108, 'Grzegorz', 'Bąkowski', 'user104@user.pl', '76d95e58766715225a65b9651769f9f409d77616d2f860cd32e55669f2a81d30', '1995-1-21', true)
--INSERT INTO users (id, firstname, lastname, email, password, dateofbirth, enabled) VALUES (109, 'Paweł', 'Janik', 'user105@user.pl', '76d95e58766715225a65b9651769f9f409d77616d2f860cd32e55669f2a81d30', '1991-4-27', true)
--INSERT INTO users (id, firstname, lastname, email, password, dateofbirth, enabled) VALUES (110, 'Grzegorz', 'Janik', 'user106@user.pl', '76d95e58766715225a65b9651769f9f409d77616d2f860cd32e55669f2a81d30', '1986-3-6', true)
--INSERT INTO users (id, firstname, lastname, email, password, dateofbirth, enabled) VALUES (111, 'Dariusz', 'Bąk', 'user107@user.pl', '76d95e58766715225a65b9651769f9f409d77616d2f860cd32e55669f2a81d30', '1980-3-10', true)
--INSERT INTO users (id, firstname, lastname, email, password, dateofbirth, enabled) VALUES (112, 'Andrzej', 'Błaszczyk', 'user108@user.pl', '76d95e58766715225a65b9651769f9f409d77616d2f860cd32e55669f2a81d30', '1981-7-8', true)
--INSERT INTO users (id, firstname, lastname, email, password, dateofbirth, enabled) VALUES (113, 'Paweł', 'Nowak', 'user109@user.pl', '76d95e58766715225a65b9651769f9f409d77616d2f860cd32e55669f2a81d30', '1996-1-25', true)
--INSERT INTO users (id, firstname, lastname, email, password, dateofbirth, enabled) VALUES (114, 'Grzegorz', 'Szulc', 'user110@user.pl', '76d95e58766715225a65b9651769f9f409d77616d2f860cd32e55669f2a81d30', '1991-2-1', true)
--INSERT INTO users (id, firstname, lastname, email, password, dateofbirth, enabled) VALUES (115, 'Henryk', 'Sowa', 'user111@user.pl', '76d95e58766715225a65b9651769f9f409d77616d2f860cd32e55669f2a81d30', '1993-10-24', true)
--INSERT INTO users (id, firstname, lastname, email, password, dateofbirth, enabled) VALUES (116, 'Zbigniew', 'Nowak', 'user112@user.pl', '76d95e58766715225a65b9651769f9f409d77616d2f860cd32e55669f2a81d30', '1985-11-14', true)
--INSERT INTO users (id, firstname, lastname, email, password, dateofbirth, enabled) VALUES (117, 'Artur', 'Błaszczyk', 'user113@user.pl', '76d95e58766715225a65b9651769f9f409d77616d2f860cd32e55669f2a81d30', '1995-6-29', true)
--INSERT INTO users (id, firstname, lastname, email, password, dateofbirth, enabled) VALUES (118, 'Karol', 'Nowak', 'user114@user.pl', '76d95e58766715225a65b9651769f9f409d77616d2f860cd32e55669f2a81d30', '1983-4-13', true)
--INSERT INTO users (id, firstname, lastname, email, password, dateofbirth, enabled) VALUES (119, 'Henryk', 'Kania', 'user115@user.pl', '76d95e58766715225a65b9651769f9f409d77616d2f860cd32e55669f2a81d30', '1993-5-2', true)
--INSERT INTO users (id, firstname, lastname, email, password, dateofbirth, enabled) VALUES (120, 'Dariusz', 'Lolek', 'user116@user.pl', '76d95e58766715225a65b9651769f9f409d77616d2f860cd32e55669f2a81d30', '1983-10-20', true)
--INSERT INTO users (id, firstname, lastname, email, password, dateofbirth, enabled) VALUES (121, 'Dariusz', 'Lolek', 'user117@user.pl', '76d95e58766715225a65b9651769f9f409d77616d2f860cd32e55669f2a81d30', '1990-8-30', true)
--INSERT INTO users (id, firstname, lastname, email, password, dateofbirth, enabled) VALUES (122, 'Krzysztof', 'Bąk', 'user118@user.pl', '76d95e58766715225a65b9651769f9f409d77616d2f860cd32e55669f2a81d30', '1981-8-30', true)
--INSERT INTO users (id, firstname, lastname, email, password, dateofbirth, enabled) VALUES (123, 'Andrzej', 'Nowakowski', 'user119@user.pl', '76d95e58766715225a65b9651769f9f409d77616d2f860cd32e55669f2a81d30', '1996-9-4', true)
--INSERT INTO users (id, firstname, lastname, email, password, dateofbirth, enabled) VALUES (124, 'Grzegorz', 'Bąkowski', 'user120@user.pl', '76d95e58766715225a65b9651769f9f409d77616d2f860cd32e55669f2a81d30', '1993-1-5', true)
--INSERT INTO users (id, firstname, lastname, email, password, dateofbirth, enabled) VALUES (125, 'Jacek', 'Błaszczyk', 'user121@user.pl', '76d95e58766715225a65b9651769f9f409d77616d2f860cd32e55669f2a81d30', '1989-6-1', true)
--INSERT INTO users (id, firstname, lastname, email, password, dateofbirth, enabled) VALUES (126, 'Marek', 'Błaszczyk', 'user122@user.pl', '76d95e58766715225a65b9651769f9f409d77616d2f860cd32e55669f2a81d30', '1987-7-30', true)
--INSERT INTO users (id, firstname, lastname, email, password, dateofbirth, enabled) VALUES (127, 'Karol', 'Kowalski', 'user123@user.pl', '76d95e58766715225a65b9651769f9f409d77616d2f860cd32e55669f2a81d30', '1989-1-11', true)
--INSERT INTO users (id, firstname, lastname, email, password, dateofbirth, enabled) VALUES (128, 'Andrzej', 'Nowak', 'user124@user.pl', '76d95e58766715225a65b9651769f9f409d77616d2f860cd32e55669f2a81d30', '1985-9-6', true)
--INSERT INTO users (id, firstname, lastname, email, password, dateofbirth, enabled) VALUES (129, 'Kamil', 'Nowakowski', 'user125@user.pl', '76d95e58766715225a65b9651769f9f409d77616d2f860cd32e55669f2a81d30', '1997-9-13', true)
--INSERT INTO users (id, firstname, lastname, email, password, dateofbirth, enabled) VALUES (130, 'Marek', 'Błaszczyk', 'user126@user.pl', '76d95e58766715225a65b9651769f9f409d77616d2f860cd32e55669f2a81d30', '1989-2-5', true)
--INSERT INTO users (id, firstname, lastname, email, password, dateofbirth, enabled) VALUES (131, 'Paweł', 'Kowalski', 'user127@user.pl', '76d95e58766715225a65b9651769f9f409d77616d2f860cd32e55669f2a81d30', '1987-12-26', true)
--INSERT INTO users (id, firstname, lastname, email, password, dateofbirth, enabled) VALUES (132, 'Grzegorz', 'Nowak', 'user128@user.pl', '76d95e58766715225a65b9651769f9f409d77616d2f860cd32e55669f2a81d30', '1981-5-23', true)
--INSERT INTO users (id, firstname, lastname, email, password, dateofbirth, enabled) VALUES (133, 'Jacek', 'Janik', 'user129@user.pl', '76d95e58766715225a65b9651769f9f409d77616d2f860cd32e55669f2a81d30', '1992-12-29', true)
--INSERT INTO users (id, firstname, lastname, email, password, dateofbirth, enabled) VALUES (134, 'Andrzej', 'Szulc', 'user130@user.pl', '76d95e58766715225a65b9651769f9f409d77616d2f860cd32e55669f2a81d30', '1982-11-12', true)
--INSERT INTO users (id, firstname, lastname, email, password, dateofbirth, enabled) VALUES (135, 'Dariusz', 'Bąkowski', 'user131@user.pl', '76d95e58766715225a65b9651769f9f409d77616d2f860cd32e55669f2a81d30', '1996-9-20', true)
--INSERT INTO users (id, firstname, lastname, email, password, dateofbirth, enabled) VALUES (136, 'Henryk', 'Czyżyk', 'user132@user.pl', '76d95e58766715225a65b9651769f9f409d77616d2f860cd32e55669f2a81d30', '1980-4-15', true)
--INSERT INTO users (id, firstname, lastname, email, password, dateofbirth, enabled) VALUES (137, 'Piotr', 'Bąk', 'user133@user.pl', '76d95e58766715225a65b9651769f9f409d77616d2f860cd32e55669f2a81d30', '1994-6-5', true)
--INSERT INTO users (id, firstname, lastname, email, password, dateofbirth, enabled) VALUES (138, 'Marcin', 'Kowalski', 'user134@user.pl', '76d95e58766715225a65b9651769f9f409d77616d2f860cd32e55669f2a81d30', '1984-2-18', true)
--INSERT INTO users (id, firstname, lastname, email, password, dateofbirth, enabled) VALUES (139, 'Piotr', 'Biały', 'user135@user.pl', '76d95e58766715225a65b9651769f9f409d77616d2f860cd32e55669f2a81d30', '1982-4-15', true)
--INSERT INTO users (id, firstname, lastname, email, password, dateofbirth, enabled) VALUES (140, 'Paweł', 'Góral', 'user136@user.pl', '76d95e58766715225a65b9651769f9f409d77616d2f860cd32e55669f2a81d30', '1997-6-8', true)
--INSERT INTO users (id, firstname, lastname, email, password, dateofbirth, enabled) VALUES (141, 'Ireneusz', 'Lolek', 'user137@user.pl', '76d95e58766715225a65b9651769f9f409d77616d2f860cd32e55669f2a81d30', '1997-9-23', true)
--INSERT INTO users (id, firstname, lastname, email, password, dateofbirth, enabled) VALUES (142, 'Grzegorz', 'Bąk', 'user138@user.pl', '76d95e58766715225a65b9651769f9f409d77616d2f860cd32e55669f2a81d30', '1992-2-26', true)
--INSERT INTO users (id, firstname, lastname, email, password, dateofbirth, enabled) VALUES (143, 'Paweł', 'Krzywda', 'user139@user.pl', '76d95e58766715225a65b9651769f9f409d77616d2f860cd32e55669f2a81d30', '1991-10-4', true)
--INSERT INTO users (id, firstname, lastname, email, password, dateofbirth, enabled) VALUES (144, 'Krzysztof', 'Góral', 'user140@user.pl', '76d95e58766715225a65b9651769f9f409d77616d2f860cd32e55669f2a81d30', '1986-6-8', true)
--INSERT INTO users (id, firstname, lastname, email, password, dateofbirth, enabled) VALUES (145, 'Grzegorz', 'Nowak', 'user141@user.pl', '76d95e58766715225a65b9651769f9f409d77616d2f860cd32e55669f2a81d30', '1981-2-2', true)
--INSERT INTO users (id, firstname, lastname, email, password, dateofbirth, enabled) VALUES (146, 'Henryk', 'Czarny', 'user142@user.pl', '76d95e58766715225a65b9651769f9f409d77616d2f860cd32e55669f2a81d30', '1996-6-13', true)
--INSERT INTO users (id, firstname, lastname, email, password, dateofbirth, enabled) VALUES (147, 'Andrzej', 'Czyżyk', 'user143@user.pl', '76d95e58766715225a65b9651769f9f409d77616d2f860cd32e55669f2a81d30', '1996-9-9', true)
--INSERT INTO users (id, firstname, lastname, email, password, dateofbirth, enabled) VALUES (148, 'Marek', 'Biały', 'user144@user.pl', '76d95e58766715225a65b9651769f9f409d77616d2f860cd32e55669f2a81d30', '1993-6-12', true)
--INSERT INTO users (id, firstname, lastname, email, password, dateofbirth, enabled) VALUES (149, 'Piotr', 'Błaszczyk', 'user145@user.pl', '76d95e58766715225a65b9651769f9f409d77616d2f860cd32e55669f2a81d30', '1997-3-6', true)
--INSERT INTO users (id, firstname, lastname, email, password, dateofbirth, enabled) VALUES (150, 'Krzysztof', 'Bąk', 'user146@user.pl', '76d95e58766715225a65b9651769f9f409d77616d2f860cd32e55669f2a81d30', '1990-11-14', true)
--INSERT INTO users (id, firstname, lastname, email, password, dateofbirth, enabled) VALUES (151, 'Grzegorz', 'Nowak', 'user147@user.pl', '76d95e58766715225a65b9651769f9f409d77616d2f860cd32e55669f2a81d30', '1980-8-30', true)
--INSERT INTO users (id, firstname, lastname, email, password, dateofbirth, enabled) VALUES (152, 'Karol', 'Błaszczyk', 'user148@user.pl', '76d95e58766715225a65b9651769f9f409d77616d2f860cd32e55669f2a81d30', '1994-6-24', true)
--INSERT INTO users (id, firstname, lastname, email, password, dateofbirth, enabled) VALUES (153, 'Henryk', 'Kowalski', 'user149@user.pl', '76d95e58766715225a65b9651769f9f409d77616d2f860cd32e55669f2a81d30', '1983-2-5', true)
--INSERT INTO users (id, firstname, lastname, email, password, dateofbirth, enabled) VALUES (154, 'Jacek', 'Lolek', 'user150@user.pl', '76d95e58766715225a65b9651769f9f409d77616d2f860cd32e55669f2a81d30', '1980-7-20', true)
--INSERT INTO users (id, firstname, lastname, email, password, dateofbirth, enabled) VALUES (155, 'Paweł', 'Czarny', 'user151@user.pl', '76d95e58766715225a65b9651769f9f409d77616d2f860cd32e55669f2a81d30', '1988-6-29', true)
--INSERT INTO users (id, firstname, lastname, email, password, dateofbirth, enabled) VALUES (156, 'Marcin', 'Lolek', 'user152@user.pl', '76d95e58766715225a65b9651769f9f409d77616d2f860cd32e55669f2a81d30', '1993-11-20', true)
--INSERT INTO users (id, firstname, lastname, email, password, dateofbirth, enabled) VALUES (157, 'Artur', 'Lolek', 'user153@user.pl', '76d95e58766715225a65b9651769f9f409d77616d2f860cd32e55669f2a81d30', '1981-3-23', true)
--INSERT INTO users (id, firstname, lastname, email, password, dateofbirth, enabled) VALUES (158, 'Kamil', 'Bąkowski', 'user154@user.pl', '76d95e58766715225a65b9651769f9f409d77616d2f860cd32e55669f2a81d30', '1990-4-23', true)
--INSERT INTO users (id, firstname, lastname, email, password, dateofbirth, enabled) VALUES (159, 'Zbigniew', 'Bąkowski', 'user155@user.pl', '76d95e58766715225a65b9651769f9f409d77616d2f860cd32e55669f2a81d30', '1996-12-4', true)
--INSERT INTO users (id, firstname, lastname, email, password, dateofbirth, enabled) VALUES (160, 'Marcin', 'Czarny', 'user156@user.pl', '76d95e58766715225a65b9651769f9f409d77616d2f860cd32e55669f2a81d30', '1980-4-16', true)
--INSERT INTO users (id, firstname, lastname, email, password, dateofbirth, enabled) VALUES (161, 'Jacek', 'Krzywda', 'user157@user.pl', '76d95e58766715225a65b9651769f9f409d77616d2f860cd32e55669f2a81d30', '1992-5-2', true)
--INSERT INTO users (id, firstname, lastname, email, password, dateofbirth, enabled) VALUES (162, 'Paweł', 'Czarny', 'user158@user.pl', '76d95e58766715225a65b9651769f9f409d77616d2f860cd32e55669f2a81d30', '1985-8-22', true)
--INSERT INTO users (id, firstname, lastname, email, password, dateofbirth, enabled) VALUES (163, 'Paweł', 'Nowakowski', 'user159@user.pl', '76d95e58766715225a65b9651769f9f409d77616d2f860cd32e55669f2a81d30', '1987-8-12', true)
--INSERT INTO users (id, firstname, lastname, email, password, dateofbirth, enabled) VALUES (164, 'Piotr', 'Lolek', 'user160@user.pl', '76d95e58766715225a65b9651769f9f409d77616d2f860cd32e55669f2a81d30', '1986-8-22', true)
--INSERT INTO users (id, firstname, lastname, email, password, dateofbirth, enabled) VALUES (165, 'Ireneusz', 'Nowak', 'user161@user.pl', '76d95e58766715225a65b9651769f9f409d77616d2f860cd32e55669f2a81d30', '1988-5-8', true)
--INSERT INTO users (id, firstname, lastname, email, password, dateofbirth, enabled) VALUES (166, 'Marek', 'Bąkowski', 'user162@user.pl', '76d95e58766715225a65b9651769f9f409d77616d2f860cd32e55669f2a81d30', '1982-1-5', true)
--INSERT INTO users (id, firstname, lastname, email, password, dateofbirth, enabled) VALUES (167, 'Grzegorz', 'Bąk', 'user163@user.pl', '76d95e58766715225a65b9651769f9f409d77616d2f860cd32e55669f2a81d30', '1985-1-18', true)
--INSERT INTO users (id, firstname, lastname, email, password, dateofbirth, enabled) VALUES (168, 'Paweł', 'Bąkowski', 'user164@user.pl', '76d95e58766715225a65b9651769f9f409d77616d2f860cd32e55669f2a81d30', '1983-10-28', true)
--INSERT INTO users (id, firstname, lastname, email, password, dateofbirth, enabled) VALUES (169, 'Krzysztof', 'Biały', 'user165@user.pl', '76d95e58766715225a65b9651769f9f409d77616d2f860cd32e55669f2a81d30', '1986-8-3', true)
--INSERT INTO users (id, firstname, lastname, email, password, dateofbirth, enabled) VALUES (170, 'Marcin', 'Janik', 'user166@user.pl', '76d95e58766715225a65b9651769f9f409d77616d2f860cd32e55669f2a81d30', '1994-10-11', true)
--INSERT INTO users (id, firstname, lastname, email, password, dateofbirth, enabled) VALUES (171, 'Artur', 'Błaszczyk', 'user167@user.pl', '76d95e58766715225a65b9651769f9f409d77616d2f860cd32e55669f2a81d30', '1983-2-9', true)
--INSERT INTO users (id, firstname, lastname, email, password, dateofbirth, enabled) VALUES (172, 'Henryk', 'Czyżyk', 'user168@user.pl', '76d95e58766715225a65b9651769f9f409d77616d2f860cd32e55669f2a81d30', '1983-2-12', true)
--INSERT INTO users (id, firstname, lastname, email, password, dateofbirth, enabled) VALUES (173, 'Grzegorz', 'Sowa', 'user169@user.pl', '76d95e58766715225a65b9651769f9f409d77616d2f860cd32e55669f2a81d30', '1994-7-14', true)
--INSERT INTO users (id, firstname, lastname, email, password, dateofbirth, enabled) VALUES (174, 'Ireneusz', 'Nowak', 'user170@user.pl', '76d95e58766715225a65b9651769f9f409d77616d2f860cd32e55669f2a81d30', '1981-1-26', true)
--INSERT INTO users (id, firstname, lastname, email, password, dateofbirth, enabled) VALUES (175, 'Zbigniew', 'Czyżyk', 'user171@user.pl', '76d95e58766715225a65b9651769f9f409d77616d2f860cd32e55669f2a81d30', '1988-3-11', true)
--INSERT INTO users (id, firstname, lastname, email, password, dateofbirth, enabled) VALUES (176, 'Paweł', 'Nowak', 'user172@user.pl', '76d95e58766715225a65b9651769f9f409d77616d2f860cd32e55669f2a81d30', '1995-9-12', true)
--INSERT INTO users (id, firstname, lastname, email, password, dateofbirth, enabled) VALUES (177, 'Grzegorz', 'Biały', 'user173@user.pl', '76d95e58766715225a65b9651769f9f409d77616d2f860cd32e55669f2a81d30', '1981-5-24', true)
--INSERT INTO users (id, firstname, lastname, email, password, dateofbirth, enabled) VALUES (178, 'Andrzej', 'Janik', 'user174@user.pl', '76d95e58766715225a65b9651769f9f409d77616d2f860cd32e55669f2a81d30', '1995-8-11', true)
--INSERT INTO users (id, firstname, lastname, email, password, dateofbirth, enabled) VALUES (179, 'Karol', 'Bąk', 'user175@user.pl', '76d95e58766715225a65b9651769f9f409d77616d2f860cd32e55669f2a81d30', '1992-7-3', true)
--INSERT INTO users (id, firstname, lastname, email, password, dateofbirth, enabled) VALUES (180, 'Jacek', 'Bąk', 'user176@user.pl', '76d95e58766715225a65b9651769f9f409d77616d2f860cd32e55669f2a81d30', '1984-4-7', true)
--INSERT INTO users (id, firstname, lastname, email, password, dateofbirth, enabled) VALUES (181, 'Paweł', 'Nowak', 'user177@user.pl', '76d95e58766715225a65b9651769f9f409d77616d2f860cd32e55669f2a81d30', '1997-9-27', true)
--INSERT INTO users (id, firstname, lastname, email, password, dateofbirth, enabled) VALUES (182, 'Marek', 'Góral', 'user178@user.pl', '76d95e58766715225a65b9651769f9f409d77616d2f860cd32e55669f2a81d30', '1985-10-14', true)
--INSERT INTO users (id, firstname, lastname, email, password, dateofbirth, enabled) VALUES (183, 'Dariusz', 'Bąk', 'user179@user.pl', '76d95e58766715225a65b9651769f9f409d77616d2f860cd32e55669f2a81d30', '1982-1-5', true)
--INSERT INTO users (id, firstname, lastname, email, password, dateofbirth, enabled) VALUES (184, 'Krzysztof', 'Nowakowski', 'user180@user.pl', '76d95e58766715225a65b9651769f9f409d77616d2f860cd32e55669f2a81d30', '1991-7-26', true)
--INSERT INTO users (id, firstname, lastname, email, password, dateofbirth, enabled) VALUES (185, 'Paweł', 'Czyżyk', 'user181@user.pl', '76d95e58766715225a65b9651769f9f409d77616d2f860cd32e55669f2a81d30', '1982-7-3', true)
--INSERT INTO users (id, firstname, lastname, email, password, dateofbirth, enabled) VALUES (186, 'Dariusz', 'Nowakowski', 'user182@user.pl', '76d95e58766715225a65b9651769f9f409d77616d2f860cd32e55669f2a81d30', '1995-2-9', true)
--INSERT INTO users (id, firstname, lastname, email, password, dateofbirth, enabled) VALUES (187, 'Paweł', 'Czarny', 'user183@user.pl', '76d95e58766715225a65b9651769f9f409d77616d2f860cd32e55669f2a81d30', '1994-6-18', true)
--INSERT INTO users (id, firstname, lastname, email, password, dateofbirth, enabled) VALUES (188, 'Zbigniew', 'Góral', 'user184@user.pl', '76d95e58766715225a65b9651769f9f409d77616d2f860cd32e55669f2a81d30', '1995-9-23', true)
--INSERT INTO users (id, firstname, lastname, email, password, dateofbirth, enabled) VALUES (189, 'Andrzej', 'Szulc', 'user185@user.pl', '76d95e58766715225a65b9651769f9f409d77616d2f860cd32e55669f2a81d30', '1987-2-26', true)
--INSERT INTO users (id, firstname, lastname, email, password, dateofbirth, enabled) VALUES (190, 'Piotr', 'Lolek', 'user186@user.pl', '76d95e58766715225a65b9651769f9f409d77616d2f860cd32e55669f2a81d30', '1984-6-8', true)
--INSERT INTO users (id, firstname, lastname, email, password, dateofbirth, enabled) VALUES (191, 'Ireneusz', 'Góral', 'user187@user.pl', '76d95e58766715225a65b9651769f9f409d77616d2f860cd32e55669f2a81d30', '1993-12-29', true)
--INSERT INTO users (id, firstname, lastname, email, password, dateofbirth, enabled) VALUES (192, 'Karol', 'Sowa', 'user188@user.pl', '76d95e58766715225a65b9651769f9f409d77616d2f860cd32e55669f2a81d30', '1981-5-17', true)
--INSERT INTO users (id, firstname, lastname, email, password, dateofbirth, enabled) VALUES (193, 'Andrzej', 'Biały', 'user189@user.pl', '76d95e58766715225a65b9651769f9f409d77616d2f860cd32e55669f2a81d30', '1982-12-22', true)
--INSERT INTO users (id, firstname, lastname, email, password, dateofbirth, enabled) VALUES (194, 'Dariusz', 'Kowalski', 'user190@user.pl', '76d95e58766715225a65b9651769f9f409d77616d2f860cd32e55669f2a81d30', '1988-11-14', true)
--INSERT INTO users (id, firstname, lastname, email, password, dateofbirth, enabled) VALUES (195, 'Marcin', 'Nowakowski', 'user191@user.pl', '76d95e58766715225a65b9651769f9f409d77616d2f860cd32e55669f2a81d30', '1991-1-8', true)
--INSERT INTO users (id, firstname, lastname, email, password, dateofbirth, enabled) VALUES (196, 'Artur', 'Czarny', 'user192@user.pl', '76d95e58766715225a65b9651769f9f409d77616d2f860cd32e55669f2a81d30', '1990-3-12', true)
--INSERT INTO users (id, firstname, lastname, email, password, dateofbirth, enabled) VALUES (197, 'Krzysztof', 'Błaszczyk', 'user193@user.pl', '76d95e58766715225a65b9651769f9f409d77616d2f860cd32e55669f2a81d30', '1985-1-7', true)
--INSERT INTO users (id, firstname, lastname, email, password, dateofbirth, enabled) VALUES (198, 'Ireneusz', 'Góral', 'user194@user.pl', '76d95e58766715225a65b9651769f9f409d77616d2f860cd32e55669f2a81d30', '1993-6-5', true)
--INSERT INTO users (id, firstname, lastname, email, password, dateofbirth, enabled) VALUES (199, 'Jacek', 'Janik', 'user195@user.pl', '76d95e58766715225a65b9651769f9f409d77616d2f860cd32e55669f2a81d30', '1983-9-26', true)
--INSERT INTO users (id, firstname, lastname, email, password, dateofbirth, enabled) VALUES (200, 'Marek', 'Szulc', 'user196@user.pl', '76d95e58766715225a65b9651769f9f409d77616d2f860cd32e55669f2a81d30', '1983-8-29', true)
--INSERT INTO users (id, firstname, lastname, email, password, dateofbirth, enabled) VALUES (201, 'Paweł', 'Janik', 'user197@user.pl', '76d95e58766715225a65b9651769f9f409d77616d2f860cd32e55669f2a81d30', '1982-9-17', true)
--INSERT INTO users (id, firstname, lastname, email, password, dateofbirth, enabled) VALUES (202, 'Henryk', 'Nowak', 'user198@user.pl', '76d95e58766715225a65b9651769f9f409d77616d2f860cd32e55669f2a81d30', '1984-1-6', true)
--INSERT INTO users (id, firstname, lastname, email, password, dateofbirth, enabled) VALUES (203, 'Piotr', 'Krzywda', 'user199@user.pl', '76d95e58766715225a65b9651769f9f409d77616d2f860cd32e55669f2a81d30', '1989-1-24', true)
--INSERT INTO users (id, firstname, lastname, email, password, dateofbirth, enabled) VALUES (204, 'Krzysztof', 'Góral', 'user200@user.pl', '76d95e58766715225a65b9651769f9f409d77616d2f860cd32e55669f2a81d30', '1981-4-15', true)
--INSERT INTO users (id, firstname, lastname, email, password, dateofbirth, enabled) VALUES (205, 'Grzegorz', 'Lolek', 'user201@user.pl', '76d95e58766715225a65b9651769f9f409d77616d2f860cd32e55669f2a81d30', '1984-9-29', true)
--INSERT INTO users (id, firstname, lastname, email, password, dateofbirth, enabled) VALUES (206, 'Henryk', 'Góral', 'user202@user.pl', '76d95e58766715225a65b9651769f9f409d77616d2f860cd32e55669f2a81d30', '1991-8-13', true)
--INSERT INTO users (id, firstname, lastname, email, password, dateofbirth, enabled) VALUES (207, 'Piotr', 'Czyżyk', 'user203@user.pl', '76d95e58766715225a65b9651769f9f409d77616d2f860cd32e55669f2a81d30', '1992-6-11', true)
--INSERT INTO users (id, firstname, lastname, email, password, dateofbirth, enabled) VALUES (208, 'Grzegorz', 'Kania', 'user204@user.pl', '76d95e58766715225a65b9651769f9f409d77616d2f860cd32e55669f2a81d30', '1983-1-29', true)
--INSERT INTO users (id, firstname, lastname, email, password, dateofbirth, enabled) VALUES (209, 'Ireneusz', 'Bąkowski', 'user205@user.pl', '76d95e58766715225a65b9651769f9f409d77616d2f860cd32e55669f2a81d30', '1988-9-10', true)
--INSERT INTO users (id, firstname, lastname, email, password, dateofbirth, enabled) VALUES (210, 'Jacek', 'Błaszczyk', 'user206@user.pl', '76d95e58766715225a65b9651769f9f409d77616d2f860cd32e55669f2a81d30', '1995-9-7', true)
--INSERT INTO users (id, firstname, lastname, email, password, dateofbirth, enabled) VALUES (211, 'Marek', 'Lolek', 'user207@user.pl', '76d95e58766715225a65b9651769f9f409d77616d2f860cd32e55669f2a81d30', '1989-4-5', true)
--INSERT INTO users (id, firstname, lastname, email, password, dateofbirth, enabled) VALUES (212, 'Artur', 'Czyżyk', 'user208@user.pl', '76d95e58766715225a65b9651769f9f409d77616d2f860cd32e55669f2a81d30', '1989-1-17', true)
--INSERT INTO users (id, firstname, lastname, email, password, dateofbirth, enabled) VALUES (213, 'Krzysztof', 'Szulc', 'user209@user.pl', '76d95e58766715225a65b9651769f9f409d77616d2f860cd32e55669f2a81d30', '1987-5-21', true)
--INSERT INTO users (id, firstname, lastname, email, password, dateofbirth, enabled) VALUES (214, 'Jacek', 'Bąk', 'user210@user.pl', '76d95e58766715225a65b9651769f9f409d77616d2f860cd32e55669f2a81d30', '1986-2-5', true)
--INSERT INTO users (id, firstname, lastname, email, password, dateofbirth, enabled) VALUES (215, 'Paweł', 'Bąk', 'user211@user.pl', '76d95e58766715225a65b9651769f9f409d77616d2f860cd32e55669f2a81d30', '1987-9-20', true)
--INSERT INTO users (id, firstname, lastname, email, password, dateofbirth, enabled) VALUES (216, 'Krzysztof', 'Nowak', 'user212@user.pl', '76d95e58766715225a65b9651769f9f409d77616d2f860cd32e55669f2a81d30', '1986-10-29', true)
--INSERT INTO users (id, firstname, lastname, email, password, dateofbirth, enabled) VALUES (217, 'Dariusz', 'Krzywda', 'user213@user.pl', '76d95e58766715225a65b9651769f9f409d77616d2f860cd32e55669f2a81d30', '1992-2-1', true)
--INSERT INTO users (id, firstname, lastname, email, password, dateofbirth, enabled) VALUES (218, 'Dariusz', 'Sowa', 'user214@user.pl', '76d95e58766715225a65b9651769f9f409d77616d2f860cd32e55669f2a81d30', '1994-12-28', true)
--INSERT INTO users (id, firstname, lastname, email, password, dateofbirth, enabled) VALUES (219, 'Marcin', 'Nowakowski', 'user215@user.pl', '76d95e58766715225a65b9651769f9f409d77616d2f860cd32e55669f2a81d30', '1991-5-27', true)
--INSERT INTO users (id, firstname, lastname, email, password, dateofbirth, enabled) VALUES (220, 'Ireneusz', 'Janikowski', 'user216@user.pl', '76d95e58766715225a65b9651769f9f409d77616d2f860cd32e55669f2a81d30', '1983-7-9', true)
--INSERT INTO users (id, firstname, lastname, email, password, dateofbirth, enabled) VALUES (221, 'Kamil', 'Biały', 'user217@user.pl', '76d95e58766715225a65b9651769f9f409d77616d2f860cd32e55669f2a81d30', '1992-4-6', true)
--INSERT INTO users (id, firstname, lastname, email, password, dateofbirth, enabled) VALUES (222, 'Grzegorz', 'Krzywda', 'user218@user.pl', '76d95e58766715225a65b9651769f9f409d77616d2f860cd32e55669f2a81d30', '1993-7-14', true)
--INSERT INTO users (id, firstname, lastname, email, password, dateofbirth, enabled) VALUES (223, 'Kamil', 'Janikowski', 'user219@user.pl', '76d95e58766715225a65b9651769f9f409d77616d2f860cd32e55669f2a81d30', '1980-11-30', true)
--INSERT INTO users (id, firstname, lastname, email, password, dateofbirth, enabled) VALUES (224, 'Jacek', 'Błaszczyk', 'user220@user.pl', '76d95e58766715225a65b9651769f9f409d77616d2f860cd32e55669f2a81d30', '1997-8-1', true)
--INSERT INTO users (id, firstname, lastname, email, password, dateofbirth, enabled) VALUES (225, 'Henryk', 'Sowa', 'user221@user.pl', '76d95e58766715225a65b9651769f9f409d77616d2f860cd32e55669f2a81d30', '1990-10-14', true)
--INSERT INTO users (id, firstname, lastname, email, password, dateofbirth, enabled) VALUES (226, 'Zbigniew', 'Nowakowski', 'user222@user.pl', '76d95e58766715225a65b9651769f9f409d77616d2f860cd32e55669f2a81d30', '1987-11-17', true)
--INSERT INTO users (id, firstname, lastname, email, password, dateofbirth, enabled) VALUES (227, 'Krzysztof', 'Nowak', 'user223@user.pl', '76d95e58766715225a65b9651769f9f409d77616d2f860cd32e55669f2a81d30', '1981-10-19', true)
--INSERT INTO users (id, firstname, lastname, email, password, dateofbirth, enabled) VALUES (228, 'Marcin', 'Nowakowski', 'user224@user.pl', '76d95e58766715225a65b9651769f9f409d77616d2f860cd32e55669f2a81d30', '1985-11-3', true)
--INSERT INTO users (id, firstname, lastname, email, password, dateofbirth, enabled) VALUES (229, 'Andrzej', 'Janikowski', 'user225@user.pl', '76d95e58766715225a65b9651769f9f409d77616d2f860cd32e55669f2a81d30', '1991-6-6', true)
--INSERT INTO users (id, firstname, lastname, email, password, dateofbirth, enabled) VALUES (230, 'Paweł', 'Bąk', 'user226@user.pl', '76d95e58766715225a65b9651769f9f409d77616d2f860cd32e55669f2a81d30', '1996-11-25', true)
--INSERT INTO users (id, firstname, lastname, email, password, dateofbirth, enabled) VALUES (231, 'Andrzej', 'Biały', 'user227@user.pl', '76d95e58766715225a65b9651769f9f409d77616d2f860cd32e55669f2a81d30', '1994-10-20', true)
--INSERT INTO users (id, firstname, lastname, email, password, dateofbirth, enabled) VALUES (232, 'Henryk', 'Janikowski', 'user228@user.pl', '76d95e58766715225a65b9651769f9f409d77616d2f860cd32e55669f2a81d30', '1987-12-28', true)
--INSERT INTO users (id, firstname, lastname, email, password, dateofbirth, enabled) VALUES (233, 'Henryk', 'Kania', 'user229@user.pl', '76d95e58766715225a65b9651769f9f409d77616d2f860cd32e55669f2a81d30', '1994-3-7', true)
--INSERT INTO users (id, firstname, lastname, email, password, dateofbirth, enabled) VALUES (234, 'Krzysztof', 'Góral', 'user230@user.pl', '76d95e58766715225a65b9651769f9f409d77616d2f860cd32e55669f2a81d30', '1984-4-14', true)
--INSERT INTO users (id, firstname, lastname, email, password, dateofbirth, enabled) VALUES (235, 'Artur', 'Janik', 'user231@user.pl', '76d95e58766715225a65b9651769f9f409d77616d2f860cd32e55669f2a81d30', '1983-2-7', true)
--INSERT INTO users (id, firstname, lastname, email, password, dateofbirth, enabled) VALUES (236, 'Jacek', 'Janikowski', 'user232@user.pl', '76d95e58766715225a65b9651769f9f409d77616d2f860cd32e55669f2a81d30', '1989-3-22', true)
--INSERT INTO users (id, firstname, lastname, email, password, dateofbirth, enabled) VALUES (237, 'Jacek', 'Biały', 'user233@user.pl', '76d95e58766715225a65b9651769f9f409d77616d2f860cd32e55669f2a81d30', '1993-4-21', true)
--INSERT INTO users (id, firstname, lastname, email, password, dateofbirth, enabled) VALUES (238, 'Piotr', 'Janik', 'user234@user.pl', '76d95e58766715225a65b9651769f9f409d77616d2f860cd32e55669f2a81d30', '1993-11-9', true)
--INSERT INTO users (id, firstname, lastname, email, password, dateofbirth, enabled) VALUES (239, 'Dariusz', 'Szulc', 'user235@user.pl', '76d95e58766715225a65b9651769f9f409d77616d2f860cd32e55669f2a81d30', '1995-3-14', true)
--INSERT INTO users (id, firstname, lastname, email, password, dateofbirth, enabled) VALUES (240, 'Ireneusz', 'Góral', 'user236@user.pl', '76d95e58766715225a65b9651769f9f409d77616d2f860cd32e55669f2a81d30', '1997-4-25', true)
--INSERT INTO users (id, firstname, lastname, email, password, dateofbirth, enabled) VALUES (241, 'Paweł', 'Czarny', 'user237@user.pl', '76d95e58766715225a65b9651769f9f409d77616d2f860cd32e55669f2a81d30', '1995-3-23', true)

alter sequence user_seq restart with 101

insert into user_roles (user_id, role_id) values (1, 3)
insert into user_roles (user_id, role_id) values (2, 3)
insert into user_roles (user_id, role_id) values (3, 3)
insert into user_roles (user_id, role_id) values (4, 1)
insert into user_roles (user_id, role_id) values (5, 2)
insert into user_roles (user_id, role_id) values (6, 1)
insert into user_roles (user_id, role_id) values (7, 2)
insert into user_roles (user_id, role_id) values (8, 1)
insert into user_roles (user_id, role_id) values (9, 1)
insert into user_roles (user_id, role_id) values (10, 2)
insert into user_roles (user_id, role_id) values (11, 1)
insert into user_roles (user_id, role_id) values (12, 1)
insert into user_roles (user_id, role_id) values (13, 2)
insert into user_roles (user_id, role_id) values (14, 2)
insert into user_roles (user_id, role_id) values (15, 1)
insert into user_roles (user_id, role_id) values (16, 2)
insert into user_roles (user_id, role_id) values (17, 2)
insert into user_roles (user_id, role_id) values (18, 2)
insert into user_roles (user_id, role_id) values (19, 1)
insert into user_roles (user_id, role_id) values (20, 1)
insert into user_roles (user_id, role_id) values (21, 2)
insert into user_roles (user_id, role_id) values (22, 1)
insert into user_roles (user_id, role_id) values (23, 1)
insert into user_roles (user_id, role_id) values (24, 1)
insert into user_roles (user_id, role_id) values (25, 2)
insert into user_roles (user_id, role_id) values (26, 2)
insert into user_roles (user_id, role_id) values (27, 2)
insert into user_roles (user_id, role_id) values (28, 1)
insert into user_roles (user_id, role_id) values (29, 1)
insert into user_roles (user_id, role_id) values (30, 1)
insert into user_roles (user_id, role_id) values (31, 2)
insert into user_roles (user_id, role_id) values (32, 2)
insert into user_roles (user_id, role_id) values (33, 1)
insert into user_roles (user_id, role_id) values (34, 1)
insert into user_roles (user_id, role_id) values (35, 2)
insert into user_roles (user_id, role_id) values (36, 1)
insert into user_roles (user_id, role_id) values (37, 1)
insert into user_roles (user_id, role_id) values (38, 1)
insert into user_roles (user_id, role_id) values (39, 2)
insert into user_roles (user_id, role_id) values (40, 1)
insert into user_roles (user_id, role_id) values (41, 2)
insert into user_roles (user_id, role_id) values (42, 1)
insert into user_roles (user_id, role_id) values (43, 2)
insert into user_roles (user_id, role_id) values (44, 2)
insert into user_roles (user_id, role_id) values (45, 2)
insert into user_roles (user_id, role_id) values (46, 1)
insert into user_roles (user_id, role_id) values (47, 2)
insert into user_roles (user_id, role_id) values (48, 2)
insert into user_roles (user_id, role_id) values (49, 2)
insert into user_roles (user_id, role_id) values (50, 2)
insert into user_roles (user_id, role_id) values (51, 1)
insert into user_roles (user_id, role_id) values (52, 1)
insert into user_roles (user_id, role_id) values (53, 1)
insert into user_roles (user_id, role_id) values (54, 2)
insert into user_roles (user_id, role_id) values (55, 2)
insert into user_roles (user_id, role_id) values (56, 1)
insert into user_roles (user_id, role_id) values (57, 1)
insert into user_roles (user_id, role_id) values (58, 2)
insert into user_roles (user_id, role_id) values (59, 1)
insert into user_roles (user_id, role_id) values (60, 2)
insert into user_roles (user_id, role_id) values (61, 1)
insert into user_roles (user_id, role_id) values (62, 1)
insert into user_roles (user_id, role_id) values (63, 2)
insert into user_roles (user_id, role_id) values (64, 1)
insert into user_roles (user_id, role_id) values (65, 2)
insert into user_roles (user_id, role_id) values (66, 2)
insert into user_roles (user_id, role_id) values (67, 2)
insert into user_roles (user_id, role_id) values (68, 1)
insert into user_roles (user_id, role_id) values (69, 1)
insert into user_roles (user_id, role_id) values (70, 1)
insert into user_roles (user_id, role_id) values (71, 2)
insert into user_roles (user_id, role_id) values (72, 2)
insert into user_roles (user_id, role_id) values (73, 2)
insert into user_roles (user_id, role_id) values (74, 2)
insert into user_roles (user_id, role_id) values (75, 1)
insert into user_roles (user_id, role_id) values (76, 2)
insert into user_roles (user_id, role_id) values (77, 2)
insert into user_roles (user_id, role_id) values (78, 2)
insert into user_roles (user_id, role_id) values (79, 2)
insert into user_roles (user_id, role_id) values (80, 1)
insert into user_roles (user_id, role_id) values (81, 1)
insert into user_roles (user_id, role_id) values (82, 2)
insert into user_roles (user_id, role_id) values (83, 1)
insert into user_roles (user_id, role_id) values (84, 2)
insert into user_roles (user_id, role_id) values (85, 2)
insert into user_roles (user_id, role_id) values (86, 2)
insert into user_roles (user_id, role_id) values (87, 2)
insert into user_roles (user_id, role_id) values (88, 2)
insert into user_roles (user_id, role_id) values (89, 1)
insert into user_roles (user_id, role_id) values (90, 1)
insert into user_roles (user_id, role_id) values (91, 2)
insert into user_roles (user_id, role_id) values (92, 2)
insert into user_roles (user_id, role_id) values (93, 1)
insert into user_roles (user_id, role_id) values (94, 1)
insert into user_roles (user_id, role_id) values (95, 1)
insert into user_roles (user_id, role_id) values (96, 2)
insert into user_roles (user_id, role_id) values (97, 1)
insert into user_roles (user_id, role_id) values (98, 2)
insert into user_roles (user_id, role_id) values (99, 1)
insert into user_roles (user_id, role_id) values (100, 2)
--insert into user_roles (user_id, role_id) values (101, 2)
--insert into user_roles (user_id, role_id) values (102, 1)
--insert into user_roles (user_id, role_id) values (103, 1)
--insert into user_roles (user_id, role_id) values (104, 1)
--insert into user_roles (user_id, role_id) values (105, 2)
--insert into user_roles (user_id, role_id) values (106, 1)
--insert into user_roles (user_id, role_id) values (107, 1)
--insert into user_roles (user_id, role_id) values (108, 2)
--insert into user_roles (user_id, role_id) values (109, 1)
--insert into user_roles (user_id, role_id) values (110, 1)
--insert into user_roles (user_id, role_id) values (111, 1)
--insert into user_roles (user_id, role_id) values (112, 2)
--insert into user_roles (user_id, role_id) values (113, 1)
--insert into user_roles (user_id, role_id) values (114, 1)
--insert into user_roles (user_id, role_id) values (115, 1)
--insert into user_roles (user_id, role_id) values (116, 2)
--insert into user_roles (user_id, role_id) values (117, 1)
--insert into user_roles (user_id, role_id) values (118, 2)
--insert into user_roles (user_id, role_id) values (119, 2)
--insert into user_roles (user_id, role_id) values (120, 1)
--insert into user_roles (user_id, role_id) values (121, 2)
--insert into user_roles (user_id, role_id) values (122, 2)
--insert into user_roles (user_id, role_id) values (123, 2)
--insert into user_roles (user_id, role_id) values (124, 1)
--insert into user_roles (user_id, role_id) values (125, 1)
--insert into user_roles (user_id, role_id) values (126, 1)
--insert into user_roles (user_id, role_id) values (127, 2)
--insert into user_roles (user_id, role_id) values (128, 2)
--insert into user_roles (user_id, role_id) values (129, 1)
--insert into user_roles (user_id, role_id) values (130, 1)
--insert into user_roles (user_id, role_id) values (131, 1)
--insert into user_roles (user_id, role_id) values (132, 2)
--insert into user_roles (user_id, role_id) values (133, 1)
--insert into user_roles (user_id, role_id) values (134, 2)
--insert into user_roles (user_id, role_id) values (135, 1)
--insert into user_roles (user_id, role_id) values (136, 1)
--insert into user_roles (user_id, role_id) values (137, 2)
--insert into user_roles (user_id, role_id) values (138, 2)
--insert into user_roles (user_id, role_id) values (139, 1)
--insert into user_roles (user_id, role_id) values (140, 2)
--insert into user_roles (user_id, role_id) values (141, 1)
--insert into user_roles (user_id, role_id) values (142, 2)
--insert into user_roles (user_id, role_id) values (143, 2)
--insert into user_roles (user_id, role_id) values (144, 2)
--insert into user_roles (user_id, role_id) values (145, 1)
--insert into user_roles (user_id, role_id) values (146, 1)
--insert into user_roles (user_id, role_id) values (147, 2)
--insert into user_roles (user_id, role_id) values (148, 2)
--insert into user_roles (user_id, role_id) values (149, 1)
--insert into user_roles (user_id, role_id) values (150, 2)
--insert into user_roles (user_id, role_id) values (151, 1)
--insert into user_roles (user_id, role_id) values (152, 2)
--insert into user_roles (user_id, role_id) values (153, 1)
--insert into user_roles (user_id, role_id) values (154, 1)
--insert into user_roles (user_id, role_id) values (155, 2)
--insert into user_roles (user_id, role_id) values (156, 2)
--insert into user_roles (user_id, role_id) values (157, 2)
--insert into user_roles (user_id, role_id) values (158, 1)
--insert into user_roles (user_id, role_id) values (159, 1)
--insert into user_roles (user_id, role_id) values (160, 1)
--insert into user_roles (user_id, role_id) values (161, 1)
--insert into user_roles (user_id, role_id) values (162, 2)
--insert into user_roles (user_id, role_id) values (163, 1)
--insert into user_roles (user_id, role_id) values (164, 2)
--insert into user_roles (user_id, role_id) values (165, 1)
--insert into user_roles (user_id, role_id) values (166, 1)
--insert into user_roles (user_id, role_id) values (167, 2)
--insert into user_roles (user_id, role_id) values (168, 2)
--insert into user_roles (user_id, role_id) values (169, 2)
--insert into user_roles (user_id, role_id) values (170, 1)
--insert into user_roles (user_id, role_id) values (171, 2)
--insert into user_roles (user_id, role_id) values (172, 2)
--insert into user_roles (user_id, role_id) values (173, 1)
--insert into user_roles (user_id, role_id) values (174, 1)
--insert into user_roles (user_id, role_id) values (175, 1)
--insert into user_roles (user_id, role_id) values (176, 2)
--insert into user_roles (user_id, role_id) values (177, 1)
--insert into user_roles (user_id, role_id) values (178, 1)
--insert into user_roles (user_id, role_id) values (179, 2)
--insert into user_roles (user_id, role_id) values (180, 2)
--insert into user_roles (user_id, role_id) values (181, 1)
--insert into user_roles (user_id, role_id) values (182, 2)
--insert into user_roles (user_id, role_id) values (183, 2)
--insert into user_roles (user_id, role_id) values (184, 2)
--insert into user_roles (user_id, role_id) values (185, 1)
--insert into user_roles (user_id, role_id) values (186, 1)
--insert into user_roles (user_id, role_id) values (187, 1)
--insert into user_roles (user_id, role_id) values (188, 1)
--insert into user_roles (user_id, role_id) values (189, 2)
--insert into user_roles (user_id, role_id) values (190, 1)
--insert into user_roles (user_id, role_id) values (191, 1)
--insert into user_roles (user_id, role_id) values (192, 1)
--insert into user_roles (user_id, role_id) values (193, 1)
--insert into user_roles (user_id, role_id) values (194, 2)
--insert into user_roles (user_id, role_id) values (195, 2)
--insert into user_roles (user_id, role_id) values (196, 2)
--insert into user_roles (user_id, role_id) values (197, 2)
--insert into user_roles (user_id, role_id) values (198, 1)
--insert into user_roles (user_id, role_id) values (199, 2)
--insert into user_roles (user_id, role_id) values (200, 1)
--insert into user_roles (user_id, role_id) values (201, 1)
--insert into user_roles (user_id, role_id) values (202, 2)
--insert into user_roles (user_id, role_id) values (203, 1)
--insert into user_roles (user_id, role_id) values (204, 1)
--insert into user_roles (user_id, role_id) values (205, 1)
--insert into user_roles (user_id, role_id) values (206, 1)
--insert into user_roles (user_id, role_id) values (207, 2)
--insert into user_roles (user_id, role_id) values (208, 1)
--insert into user_roles (user_id, role_id) values (209, 1)
--insert into user_roles (user_id, role_id) values (210, 2)
--insert into user_roles (user_id, role_id) values (211, 1)
--insert into user_roles (user_id, role_id) values (212, 1)
--insert into user_roles (user_id, role_id) values (213, 2)
--insert into user_roles (user_id, role_id) values (214, 2)
--insert into user_roles (user_id, role_id) values (215, 1)
--insert into user_roles (user_id, role_id) values (216, 1)
--insert into user_roles (user_id, role_id) values (217, 1)
--insert into user_roles (user_id, role_id) values (218, 1)
--insert into user_roles (user_id, role_id) values (219, 2)
--insert into user_roles (user_id, role_id) values (220, 2)
--insert into user_roles (user_id, role_id) values (221, 1)
--insert into user_roles (user_id, role_id) values (222, 2)
--insert into user_roles (user_id, role_id) values (223, 2)
--insert into user_roles (user_id, role_id) values (224, 2)
--insert into user_roles (user_id, role_id) values (225, 2)
--insert into user_roles (user_id, role_id) values (226, 1)
--insert into user_roles (user_id, role_id) values (227, 2)
--insert into user_roles (user_id, role_id) values (228, 1)
--insert into user_roles (user_id, role_id) values (229, 2)
--insert into user_roles (user_id, role_id) values (230, 2)
--insert into user_roles (user_id, role_id) values (231, 2)
--insert into user_roles (user_id, role_id) values (232, 2)
--insert into user_roles (user_id, role_id) values (233, 1)
--insert into user_roles (user_id, role_id) values (234, 1)
--insert into user_roles (user_id, role_id) values (235, 2)
--insert into user_roles (user_id, role_id) values (236, 1)
--insert into user_roles (user_id, role_id) values (237, 1)
--insert into user_roles (user_id, role_id) values (238, 1)
--insert into user_roles (user_id, role_id) values (239, 1)
--insert into user_roles (user_id, role_id) values (240, 1)
--insert into user_roles (user_id, role_id) values (241, 1)